{"cameraMode":{"drawMode":0,"name":"Shaded","section":"Shading Mode"},"sceneLighting":false,"audioPlay":false,"sceneViewState":{"m_AlwaysRefresh":false,"showFog":true,"showSkybox":false,"showFlares":true,"showImageEffects":true,"showParticleSystems":true,"showVisualEffectGraphs":true,"m_FxEnabled":true},"in2DMode":false,"pivot":{"x":-2.9802322387695315e-8,"y":0.4625636637210846,"z":0.0003629624843597412},"rotation":{"x":0.10334867238998413,"y":0.8109699487686157,"z":-0.1519235521554947,"w":0.5552903413772583},"size":0.6697004437446594,"orthographic":false}