{"cameraMode":{"drawMode":0,"name":"Shaded","section":"Shading Mode"},"sceneLighting":false,"audioPlay":false,"sceneViewState":{"m_AlwaysRefresh":false,"showFog":true,"showSkybox":false,"showFlares":true,"showImageEffects":true,"showParticleSystems":true,"showVisualEffectGraphs":true,"m_FxEnabled":true},"in2DMode":false,"pivot":{"x":-0.023688793182373048,"y":1.3903985023498536,"z":-2.270738124847412},"rotation":{"x":0.10334867238998413,"y":0.8109699487686157,"z":-0.1519235521554947,"w":0.5552903413772583},"size":2.4766836166381838,"orthographic":false}