{"cameraMode":{"drawMode":0,"name":"Shaded","section":"Shading Mode"},"sceneLighting":false,"audioPlay":false,"sceneViewState":{"m_AlwaysRefresh":false,"showFog":true,"showSkybox":false,"showFlares":true,"showImageEffects":true,"showParticleSystems":true,"showVisualEffectGraphs":true,"m_FxEnabled":true},"in2DMode":false,"pivot":{"x":2.5113980770111086,"y":1.0592162609100342,"z":4.422055721282959},"rotation":{"x":0.14992466568946839,"y":0.34345003962516787,"z":-0.05616975948214531,"w":0.9252842664718628},"size":3.127706527709961,"orthographic":false}