{"cameraMode":{"drawMode":0,"name":"Shaded","section":"Shading Mode"},"sceneLighting":false,"audioPlay":false,"sceneViewState":{"m_AlwaysRefresh":false,"showFog":true,"showSkybox":false,"showFlares":true,"showImageEffects":true,"showParticleSystems":true,"showVisualEffectGraphs":true,"m_FxEnabled":true},"in2DMode":false,"pivot":{"x":0.8342641592025757,"y":2.239771604537964,"z":4.658229827880859},"rotation":{"x":-0.002966187195852399,"y":0.9962990283966065,"z":0.08053632825613022,"w":0.02531273476779461},"size":1.9681367874145508,"orthographic":false}