{"cameraMode":{"drawMode":0,"name":"Shaded","section":"Shading Mode"},"sceneLighting":false,"audioPlay":false,"sceneViewState":{"m_AlwaysRefresh":false,"showFog":true,"showSkybox":false,"showFlares":true,"showImageEffects":true,"showParticleSystems":true,"showVisualEffectGraphs":true,"m_FxEnabled":true},"in2DMode":false,"pivot":{"x":0.021316468715667726,"y":0.0798870325088501,"z":0.3766816258430481},"rotation":{"x":0.10334867238998413,"y":0.8109699487686157,"z":-0.1519235521554947,"w":0.5552903413772583},"size":0.9023275971412659,"orthographic":false}